mean_c_index,sd_c_index,mean_ibs,sd_ibs,mean_best_epoch,sd_best_epoch
0.6878169347841077,0.07849471052739475,0.1877849006360317,0.04206530794423046,15.0,2.756809750418044
