mean_c_index,sd_c_index,mean_best_epoch,sd_best_epoch
0.6031284563135352,0.12798219015813245,15.2,5.075431016179809
