,acc,f1,chisqr,p_value,c_index,model
0,0.8910891089108911,0.8832739840804357,12.539946641479816,0.0057448870066452,0.6163245462887537,GCN_0
1,0.8514851485148515,0.8363664976394475,22.476253592042035,5.191797025580996e-05,0.4730713485589195,GCN_5000
2,0.8118811881188119,0.7714347237603052,11.56913072914712,0.0090147749330731,0.5646702513458041,GAT_default
3,0.8316831683168316,0.8208097530896028,19.595606998928044,0.0002058540387349,0.550019960806004,GATv2_5000
4,0.9108910891089108,0.8846938775510206,13.559390149129786,0.0035705901397266,0.5832438421003631,MLP_f1
5,0.8712871287128713,0.8805989491293795,18.63656394197744,0.0003250193947338,0.46636478742954984,GAT_0
6,0.9405940594059404,0.9377086401570938,11.655922090425172,0.0086597573949119,0.6961839608744458,MLP
7,0.8514851485148515,0.8146279306829766,23.54842915699797,3.103376100605585e-05,0.46625155665478674,GATv2_0
