mean_c_index,sd_c_index,mean_ibs,sd_ibs,mean_best_epoch,sd_best_epoch
0.6955371546051496,0.09928240585581602,0.19831166427349078,0.07039033417854275,15.6,4.454211490264018
