mean_c_index,sd_c_index,mean_best_epoch,sd_best_epoch
0.6055871197085573,0.16474638525655902,13.2,2.4
