mean_c_index,sd_c_index,mean_ibs,sd_ibs,mean_best_epoch,sd_best_epoch
0.6956088562728416,0.0934707630207998,0.20638523507866346,0.05388551186997348,18.4,2.0591260281974
