mean_c_index,sd_c_index,mean_ibs,sd_ibs,mean_best_epoch,sd_best_epoch
0.6803562514643842,0.05082332378447008,0.18719252486332327,0.07112710521385888,20.6,4.029888335921977
