mean_c_index,sd_c_index,mean_best_epoch,sd_best_epoch
0.6237089033085403,0.15805162084062463,21.0,6.603029607687671
