mean_c_index,sd_c_index,mean_ibs,sd_ibs,mean_best_epoch,sd_best_epoch
0.6460913272913534,0.09803575753944253,0.17922785430618488,0.05591812041451851,15.0,2.280350850198276
