,model,n_edges,cls_type,CI-MTLR,CI-DeepSurv,IBS-MTLR,IBS-DeepSurv
0,GCN,422,MLP,0.4282608695652174,0.6413043478260869,0.1963999828823221,0.202376148432712
1,GATv2,5000,GNN,0.7456521739130435,0.6434782608695652,0.1648579384090243,0.1977617508603961
2,GAT,5000,MLP,0.7326086956521739,0.4630434782608695,0.1648664306750331,0.1841542120780296
3,Baseline,0,MLP,0.7456521739130435,0.6673913043478261,0.1666748641450843,0.1853828233766514
4,MLP,0,MLP,0.6293478260869565,0.3358695652173913,0.1840775029426464,0.1844150867474106
