mean_c_index,sd_c_index,mean_ibs,sd_ibs,mean_best_epoch,sd_best_epoch
0.6531423078250741,0.09901094924492222,0.1720270305973063,0.042016883946611315,11.6,0.8
